Field name,Type,Occurrence,Description
client_name,Plain text,Optional once,"Member / patient / client full name (e.g. Member Name)"
date_of_birth,Datetime,Optional once,"Member date of birth (Member DOB)"
medicaid_id,Plain text,Optional once,"Texas Medicaid ID, 9 digits; may be labelled Member ID or Health Plan ID"
payer_name,Plain text,Optional once,"Health plan / payer, e.g. Molina, Superior, Amerigroup (often only in letterhead)"
authorization_number,Plain text,Optional once,"Authorization / referral / prior-auth number (e.g. Reference#, Auth #)"
service_type,Plain text,Optional once,"Service authorized, e.g. Non-Waiver PAS Agency Model, Personal Attendant Services"
procedure_code,Plain text,Optional once,"HCPCS service code with modifier, e.g. S5125 U5"
authorized_hours,Plain text,Optional once,"Authorized HOURS with the period, e.g. 29 hrs per week (not units)"
auth_start_date,Datetime,Optional once,"First day the authorization is effective (Start Date / Begin Date)"
auth_end_date,Datetime,Optional once,"Last day the authorization is effective (End Date)"
diagnosis,Plain text,Optional once,"Diagnosis description or reason for services"
client_address,Plain text,Optional once,"Member home address"
client_phone,Plain text,Optional once,"Member phone number (not the coordinator's or provider's)"
diagnosis_code,Plain text,Optional once,"ICD-10 diagnosis code, e.g. I10"
units_per_week,Number,Optional once,"Authorized units per week (15-minute units), e.g. Frequency / Total Units Per Week"
total_units,Number,Optional once,"Total units authorized for the whole authorization period"
modifier,Plain text,Optional once,"Service code modifier, e.g. U5 (Modifier 1)"
auth_status,Plain text,Optional once,"Authorization / line status, e.g. Approved, Pended, Denied"
case_id,Plain text,Optional once,"Payer case ID, e.g. LTSS-########"
service_coordinator_name,Plain text,Optional once,"Payer's service coordinator for the member"
service_coordinator_email,Plain text,Optional once,"Service coordinator email"
approved_tasks,Plain text,Optional once,"Approved / purchased tasks list, e.g. bathing, dressing, meal prep"
review_date,Datetime,Optional once,"Date the payer reviewed / decided the authorization"
service_coordinator_phone,Plain text,Optional once,"Service coordinator phone"
pcp_name,Plain text,Optional once,"Primary care physician (PCP) name"
pcp_phone,Plain text,Optional once,"Primary care physician phone"
